title,contents,link,image
"

강민경 사복 패션 느좋 여자 봄 코디 모음
","특히 폴로 니트는 아마도 남자 사이즈로 넉넉한 걸 구매해서 입은 거 같은데 급 폴로 뽐뿌오넴,,,, 모자까지는 따라 하긴 힘들지만 네이비 & 베이지... 트윈룩도,,,느좋,,,,,, 이번 강민경 사복 패션은 트렌드에 맞춰 자연스러우면서도 넉넉한 핏이 돋보였는데요. 색 조합이 정말 훌륭해서 여러모로... ",https://blog.naver.com/prettyh90/223834659266,https://blogthumb.pstatic.net/MjAyNTA0MTVfNjgg/MDAxNzQ0NzI5MTY2NjM2.qohwClxdVEUNPL-78Eep2yb-elJk-FGVw69yTNLwNKkg.k1lcSXoUy1H72LwOsrz6XAX_cvCVshSNPjYrsbD3cpMg.PNG/%B0%AD%B9%CE%B0%E6.png?type=s2
"

신민아 느좋 사복패션 데일리 코디 모아보기
",안녕하세요 패션을 사랑하는 몸큰남자 호호입니다. 배우 신민아가 블로그를 통해 감각적인 데일리룩을 공개하며 많은 이들의 패션 워너비로 자리... 신민아 느좋 사복패션 모음ZIP 데일리 코디 고민된다면? 신민아의 스타일은 수수하면서도 감각적인 요소를 놓치지 않는 것이 특징입니다. 단순히... ,https://blog.naver.com/prettyh90/223834659266,https://blogthumb.pstatic.net/MjAyNTA0MTVfOTYg/MDAxNzQ0NzI2Nzk0ODYy.-iDb4UUYtzzQGF2JCgFwxX_k5rP1US0G0BObnh3KSFMg.CefT6LSI2M4o1uh5zaIc7GJyVIYDOzaBFXPrzl4Q1icg.PNG/%BD%BA%C5%A9%B8%B0%BC%A6_2025-04-15_%BF%C0%C0%FC_12.26.08.png?type=s2
"

느좋 코디의 정석 옷 잘 입는 연예인 사복 패션 김원중편
","옷 잘 입는 연예인 모델 김원중님 편 김원중님 사복패션이 느좋 그자체라 여러분도 분명 감탄하실 것 같은데요, 제가 아는 제품 정보를 최대한... 남자 헤어 스카프(두건) 스타일은 이렇게〰️ 이렇게 니트와도 잘 어울리지만 데님 셔츠에 반바지 입고 스타일링을 하면 빈티지한 분위기를 더욱... ",https://blog.naver.com/ghtjd1647/223800152153,https://blogthumb.pstatic.net/MjAyNTA0MTVfMzAw/MDAxNzQ0NzI2Nzk0ODc2.sZn5AWU2U9Hy_AuAVf4cmZFX0p0m2xdhQS3nMtwkTYcg.iHAmjrROhWH4uYC1_KjmB1yW9Di8TRFzSfIHuHXD3uIg.PNG/%BD%BA%C5%A9%B8%B0%BC%A6_2025-04-15_%BF%C0%C0%FC_12.26.38.png?type=s2
"

투바투 연준 느좋 남자 겨울 사복 패션 모음
",오랜만에 남자 겨울 패션 포스팅입니다 오늘의 주인공은 느좋 남자 아이돌 날티(좋은 뜻)의 대명사 투바투의 연준님의 겨울 사복 코디 모음입니다 워낙 춤도 잘 추고 잘생겨서 인기가 짱짱 많은걸로 알고 있는데 포스팅 하려고 사진 구경하는데 몸이 진짜 예쁘고 옷빨이 잘 받는 스타일이신것... ,https://blog.naver.com/ghtjd1647/223800152153,https://blogthumb.pstatic.net/MjAyNTA0MTVfMTE4/MDAxNzQ0NzI2Nzk0NzY5.d6AmtxfWjBYdfPMuchlmUoO7GquuVYiZRUwlsUk9DDgg.AkdjEdOgZ4mzQMBTE9-SRpfwcNzeCtsh1hSTheTMSMQg.PNG/%BD%BA%C5%A9%B8%B0%BC%A6_2025-04-15_%BF%C0%C0%FC_12.26.13.png?type=s2
"

남자들이 더 좋아한다는 류준열 사복 코디, 진짜 느좋이네;
","꼭 같은 제품을 사기 위해 셀럽 사복 패션 코디를 참고하는 게 아니라, 이 전체적인 무드와 색감이 중요! 지금까지 진짜 느좋 그 자체인 배우 류준열, 남자들이 더 좋아한다는 그의 셀럽 사복패션 코디를 나노단위로 분석해보는 시간을 가졌어요. 끝까지 읽어주셔서 감사합니다  다음 글에서 만나요",https://blog.naver.com/w_oozz/223804137757,https://blogthumb.pstatic.net/MjAyNTAzMThfMjI4/MDAxNzQyMjQ3NjAyMzUx.yTWGgd-fxwGl9caW05nnGwwwqXpG7wE9K96mavEiVKUg.42npBj2-3vhNYk0OeTaGh2xW4Rw-P9l9tRyerNlLoBkg.PNG/%3F%A0%9C%EB%AA%A9%EC%9D%84-%3F%9E%85%3F%A0%A5%3F%95%B4%EC%A3%BC%EC%84%B8%3F%9A%94_-001_-_2025-03-18T064000.474.png?type=s2
"

느좋 에겐남 연예인 추영우 남자 청청패션 데님 셋업 코디 모음 zip
",이렇게 여러 작품에서 팔색조 같은 매력을 뽐내주고 계시다 보니 자연스럽게 그의 사복 패션에도 관심을 갖는 분들이 많으신 것... 지금까지 느좋 에겐남 연예인을 대표하는 배우 추영우 님의 남자 청청패션 데님 셋업 코디 모음 zip과 함께 그가 착용한 제품 정보를... ,https://blog.naver.com/w_oozz/223804137757,https://blogthumb.pstatic.net/MjAyNTAzMThfMTUy/MDAxNzQyMjQ3NDQzODgx.L0Pfzmy-BHb6aRvmTzPAqfwS-i2mlB9yDahN3jrEnLAg.pHPqD9-ONwCAnq5adjWzyuIYAa8OHfU3q0vBGq_0RU8g.PNG/image.png?type=s2
"

레드벨벳 경호하다가 배우로 데뷔한 신승호! 사복패션 힙하네
",레고남 신승호의 힙한 사복패션 @editor neco 레드벨벳 백화점 팬사인회에서 경호하던 사람이 훗날 아이린과 영화를 찍는 배우가 됩니다. 출처... 이건 또 색다른 느낌인데 느좋이에요ㅠㅠ 블랙 카라 니트톱에 데님팬츠로 심플한 남친룩의 정석이죠. 근데 이제 얼굴과 몸매가 심플하지 않은..... ,https://blog.naver.com/seoulry/223743157095,https://blogthumb.pstatic.net/MjAyNTAzMThfMTg4/MDAxNzQyMjQ3Mjg0OTQ2.BygddtIJE1YsTQa5fE74TiHUBWHqTYIyQboV78ZWHVIg.Pjol0F74KFzciOl4VTJlns3VdaY2PXjb3VMgltYup0cg.PNG/image.png?type=s2
"

장동윤 찰스 칼하트룩 뭐야? 커플 잠옷 사복패션 정리
","나오는 느좋 남친룩 바이브,, 올블랙 캐주얼 근데 이제 검반이 포인트인. 찰스엔터 유튜브에선 칼하트를 입은 그. 사복패션으로는 스투시 반팔... 같은 반팔 패션이라도 스케줄 할 때는 실버 주얼리 액세서리나 안경을 더해 좀 더 포멀하게 꾸꾸꾸 느낌을 냈어요. (ft. 풀세팅 헤메) (남자 반팔... ",https://blog.naver.com/cincoj/223867087083,https://blogthumb.pstatic.net/MjAyNTA1MTZfODEg/MDAxNzQ3MzIyMTYwMDk0.AAc9BeRDCBRLh1w9tWKfbZOBdIdw9TIQqmz2mYkfU3kg.cIIYw25IjgfxFu7vocn4HV6q6fjC_yz1lohOlaE7YL4g.JPEG/5D31C1CE%A3%AD2FED%A3%AD4EC3%A3%ADB25D%A3%ADF7AAB2493ECC.jpg?type=s2
"

신병3 문빛나리 배우 김요한의 느좋 사복 스타일링
",느좋남이라는 사실 알고 계셨나요? 저도 인스타를 통해 구경하는 중 사복 스타일링을 보고 좀 놀랐는데 큰 덩치를 정말 너무 잘 활용을 하고 계셨습니다 전반적으로 색감도 튀지 않으면서 적당히 부담스럽지 않게 호불호 없이 쓰는 느낌 큰 덩치에 모자를 활용한 스타일링을 즐기시는 게 패션... ,https://blog.naver.com/cincoj/223867087083,https://blogthumb.pstatic.net/MjAyNTA1MTVfMTI5/MDAxNzQ3MzE2MDU5OTQ3.hOWkMJ_4MlIYI3xUqwiNWgG89cVW7DpAqj2we28IQYAg.lUav17WUck5886Y36V7cpGC3Je4eQTIUuAahG35j-Kkg.JPEG/IMG%A3%DF8812.jpg?type=s2
"

느좋 날티남의 정석 투바투 최연준✨ 사복패션과 남친짤 구경하기(연또머,연또삐,라결남... 
",날티남의 정석 빅히트 전설의 연습생 빅전연 최연준 모음 vskdoll.com 또 귀신같이 돌아온 느좋남 탐구 시간이에요✨ 오늘은 모두가 사랑하는 날티남... 행복한 금요일 즐겨볼게요✨ #투모로우바이투게더 #투바투연준 #최연준 #날티남 #남돌패션 #남돌사복 #연준남친짤 #아이돌코디 #펑크룩 #스트릿패션,https://blog.naver.com/gozimozi/223852379180,https://blogthumb.pstatic.net/MjAyNTA1MTVfMTc2/MDAxNzQ3MzIwMTE3MTcx.bBkdWeXRGGYggH-3raajafNT81iA9U_zIJbs3elfd3Yg.t-LGUS8yE3cNWJONEGXu6Dgz42VSfXuvHk0RqtsvMS4g.JPEG/22D1F838%A3%ADA5E4%A3%AD4923%A3%ADA6D4%A3%AD4374750E5163.jpg?type=s2
"

앤팀 니콜라스 아이돌 사복 패션 탐구.zip - 핑크, 젠더리스룩, 무테안경까지!
",상남자 특 : 치마 좋아함 실제로 보면 근데 너무너무 포스 미쳐서 그냥 눈을 깔게 될 것 같애......... 느좋트렌디힙합을 다갖춘남자 니콜라스 스커트 레이어드에 엘모 키링을 끼운 귀여운남자 앤팀 니콜라스의 다양한 사복 패션 앞으로도 계속되길....⭐ 서로이웃 팬하기 환영합니다아,https://blog.naver.com/gozimozi/223852379180,https://blogthumb.pstatic.net/MjAyNTA1MTVfMjcg/MDAxNzQ3MzE2MDU5NzM0.lnBNZIv976Nopp5Ajt0sAlbdnVdDKogaE-97-spZdXsg.uKZuZqBwU5BmdUAtmAkA3KU2twNcj2XvDYnaNSEkkxUg.JPEG/IMG%A3%DF8800.jpg?type=s2
"

노상현 사복 느좋,,
","뭔데 ,, 남자친구가 화이트, 아이보리 니트 입었을 때 훈훈한 느낌 아시는 분? 전 그거에 껌뻑 죽어요 .. 화이트 컬러 후디도 좋지요~ 마지막은 김고은 X 노상현 <대도시의 사랑법> 사진들로 마무리합니다. 두 분 다 매력적인 이미지가 너무 좋아ㅠㅠㅠ 노상현 인스타그램 인스타그램에 느좋 패션 더... ",https://blog.naver.com/vskdoll/223822367667,https://blogthumb.pstatic.net/MjAyNTA1MDFfMTM2/MDAxNzQ2MDg1MDY1OTk2.K6BJWhwUbnPuHpxjTo4HHsb-2XwWL02xVoRNVFd2YzYg.wDJ8xc4jnO659fZ6Z4XKtxNlmyCcwVE-RAbJLAwMoy0g.JPEG/%C1%A4%BA%B8%B1%DB%BD%E6%B3%DA.jpg?type=s2
"

카리나는 신이야...에스파 카리나 느좋 겨울사복패션 착장정보 zip.
",이미지보다 사복 캐주얼 스러운 카리나 이미지도 너무 좋아요 ㅠㅠ 스타일 디테일 Vivienne Westwood Orb Knit Vest: 체크 패턴과 독특한 디테일로 빈티지 무드 연출. Wool Knit Balaclava: 겨울철 방한과 패션을 동시에 만족시키는 유니크한 아이템. TheOYou Basic Fit Fur Jacket: 크림 컬러로... ,https://blog.naver.com/vskdoll/223822367667,https://blogthumb.pstatic.net/MjAyNTA1MDFfMSAg/MDAxNzQ2MDg1MTgwMTQ5.YfdxoM3A4o3ZKzufgqCf6yU5lDxPksXzDkgWNW0oJHIg.H7mGm-9zsxkCSOABE0zMPHuH3tC6M1awZNsR2K6aQx0g.PNG/image.png?type=s2
"

세븐틴 민규 인스타그램 김민규 사복 패션 남친짤 남자 데이트룩
","스타일링과 느좋 사진 무드 ,,  깔끔한 카라티에 데님 팬츠는 최고의 조합이죠 이 날 머리 스타일링 마저도 저의 취향을 완벽히 저격한 •• 오늘은 이렇게 세븐틴 민규의 인스타그램 속 사복 패션을 함께 살펴보았는데요 ! 남자 데이트룩이 고민이시거나 평소 코디를 어떻게 해야 할 지 고민이셨던... ",https://blog.naver.com/hummingpeach/223856057634,https://blogthumb.pstatic.net/MjAyNTA1MDFfNzYg/MDAxNzQ2MDg1MjA2NTIx.jqR6YAFVg4IvjSNkOBEPI7ROTB_Is9VVT9ErZ7HYeXkg.cukFKxT8G3qJArgKlj37xr6I0R4B5ieCNtph7dUkTZ0g.PNG/image.png?type=s2
"

느좋 뜻 MZ 신조어 유래 알아보기
","마지막으로 위에서 이야기한 느좋남이 뭔지 알아볼까요? 정의 ‘느좋남’은 **‘느낌 좋은 남자’**의 줄임말로, 단순히 잘생긴 외모만을 의미하지... 구체적 사례 변우석: 잘생긴 외모와 우월한 피지컬, 그리고 세련된 사복 패션으로 ‘느좋남’의 대표적인 사례로 꼽힙니다. 정해인: 따뜻하고... ",https://blog.naver.com/zlbsepdreg/223670355381,https://blogthumb.pstatic.net/MjAyNDExMjNfMTQg/MDAxNzMyMzMwODIxMTUw.XMglN2z06yWu2ZNBFPeltvrqftuJ6BvolZjiYu2bynwg.wYqrMHWDRF98ubtl-eku_J5cOHU3TUYHTYvgGGtUY74g.JPEG/%3F%A0%9C%EB%AA%A9%EC%9D%84-%3F%9E%85%3F%A0%A5%3F%95%B4%EC%A3%BC%EC%84%B8%3F%9A%94_-001_%2857%29.jpg?type=s2
"

라이즈 쇼타로 인스타 사복패션 남자 후디 코디
",라이즈 쇼타로 인스타 사복패션 남자 후디 코디 라이즈 인스타그램 평소에 사복 잘 입기로 유명한 라이즈 쇼타로 얼굴은 너무 귀염상인데 힙한 느좋... 꾸민 느낌도 잘 어울리긴 하는데 이렇게 캐주얼하고 자연스러운 무드가 예뻐보이는 것 같아요ㅎ.ㅎ Balenciaga 발렌시아가 Balenciaga BeKind... ,https://blog.naver.com/zlbsepdreg/223670355381,https://blogthumb.pstatic.net/MjAyNDExMjNfODUg/MDAxNzMyMzMwODM0Nzk3.cY6WA6bpSjIV_CxmHTY2_pN698wypwFsZjXhHsbHJCIg.BjdGivAl1hMuvZWX23_opwKY2CaXCS3Ew7qZMW0WnK8g.JPEG/%C1%A6%B8%F1%C0%BB-%C0%D4%B7%C2%C7%D8%C1%D6%BC%BC%BF%E4_-001_%2854%29.jpg?type=s2
"

내가 좋아하는 남자 연예인 캐주얼 사복 패션모음 배우 신현수 인스타그램
",#느좋남패션 아니냐구요. (왜 안 유명한 지 답답해서 미쳐버릴 지경이에오) 출처 shintop20 instagram 남친짤 무드 낭낭하죠? 적다 보니 너무... 날이 많이 추우니까 여러분 옷 두껍게 입고 햅삐주말 보내기로 약~쏘옥 #신현수#신현수배우#신현수사복#남자연예인패션#남자연예인사복모음... ,https://blog.naver.com/haecho_life/223782007035,https://blogthumb.pstatic.net/MjAyNDExMjNfMjc4/MDAxNzMyMzMwODQ2NDcz.0Vqm7yngoTjPNE4yOfQOWPU85DGcjhmv2Mfr_POOZKog.r6ErMbp3oMfJ_uOKrjdxvyIoav2XtqpsLzgRJyv9ibMg.JPEG/%C1%A6%B8%F1%C0%BB-%C0%D4%B7%C2%C7%D8%C1%D6%BC%BC%BF%E4_-002_%2812%29.jpg?type=s2
"

안남미 뜻 안남미 대표 이창섭 사복 패션 모음 실물느낌
",안남미 뜻 안남미 대표 이창섭 사복 패션 모음 실물느낌 요즘 mz사이에서 유행하는 말이 안남미래요. 무슨 쌀이름인가 싶었는데요. 안남미 뜻을... 꾸안꾸같은 느낌 혹은 느좋같은 느낌이랑 비슷한 뜻이더라구요. 평소 사복을 수수하게 입는 창섭이가 번뜩! 떠오른 신조어 였습니다. 전과자 스낵... ,https://blog.naver.com/haecho_life/223782007035,https://blogthumb.pstatic.net/MjAyNDExMjNfNzIg/MDAxNzMyMzMwODYyNTA3.QHLU-ntSHwNjJ_0H6A2yyl-z0KHFpqYvXAJ7RYu1D70g.gthGKu1yJNhf7MpvAubUzzs7o-ZAPkC-4Og6j0yEV78g.JPEG/atmospheric-french-cafe-with-charming-cozy-interior-morning-light-intimate-n.jpg?type=s2
"

지디가 보여준 아저씨 패션 어떤데! 트랙쇼츠+양말+로퍼 조합 이건 지디라서 가능한 룩?
","@editor neco 최근 지디의 사복패션에 자주 등장하는 트랙쇼츠! 근데 여기에 양말+로퍼를 신었습니다. 이건 아저씨 패션으로 유명한 거... 너무 느좋이에요,, 피스마이너스원퍼플 포인트 컬러 캡 + 민트 트랙쇼츠 조합으로 키치한 여름느낌이 물씬 납니다. 출처 : 디스패치 퍼플 + 민트 조합... ",https://blog.naver.com/for_youandi/223722169207,https://blogthumb.pstatic.net/MjAyNTAzMDJfMjE3/MDAxNzQwOTE0MTMwMjIy.FX7TMKE7E0myXmZ5eO6b-q-bf155rZue4HcsR2qawQMg.sfxBUlUjccW3w9wvS56SNnm7Nt6bQO3WHM94t6i-__Qg.JPEG/IMG_1810.jpg?type=s2
"

카이 사복 패션 아라바그 가방 카이 손민수... 가방 대학생 백팩 남자 백팩 남자 가방
",동아리 체험은 신박 ㅋㅋㅋㅋㅋㅋ 전과자 팀 감다살 전과자 볼때마다 카이님 패션 너무 느좋이던데! 진짜 보면 볼수록 대학생 그 잡채.... (P) 백팩 너무 괜찮아서 찾아보니 #아라바그 제품 !!!! 진짜 무난해서 어디든 매기 좋을 듯 해여!!! [ #전과자카이백팩] 제품 : 험프 에센셜 백팩 L - 다크 그레이... ,https://blog.naver.com/for_youandi/223722169207,https://blogthumb.pstatic.net/MjAyNTAzMDJfMjIx/MDAxNzQwOTE0MTI4ODA3.z_mfObSEZ3kcexYd-2w70e987fZLw4SZgqBMBJnbkAMg.ZcMkAf76TgK2lqXDzMQ2RX0Z8mgWidAa3DLiNvjcEEwg.JPEG/IMG_1809.jpg?type=s2
"

느좋남 채종석 사복패션 오니츠카타이거와 파투 PATOU의 콜라보 비니 후드 ❤️ 나나... 
",느낌좋은 남자 느좋녀! 느낌좋은 여자 공홈 느좋남 채종석 사복패션 오니츠카타이거와 파투 PATOU의 콜라보 비니 후드 ❤️ 나나 백지영 ‘그래 맞아’ 뮤직비디오 모델 채종석과 나나님이 만나 가수 백지영의 타이틀곡 ‘그래 맞아’ 뮤직비디오 완성되었습니다. 소속사 트라이어스는 22일... ,https://blog.naver.com/griye/223761624649,https://blogthumb.pstatic.net/MjAyNTAzMDJfMTA1/MDAxNzQwOTE0MTMxNzAx.KW0vHTR1mVt06o4TSrW5s_yaIvTYIhq2-ody9hgSKwog.oQpTns5--OyANMYN8b7wy6RdHpGhBEVUHmLmxtkXS7kg.JPEG/IMG_1811.jpg?type=s2
"

정려원 느좋 여행패션_ 르메르 가방 뉴발 860v2 운동화 신발 정보
","궁금한 정려원 여행 사복패션 바로 말씀드릴게요! 르메르 (LEMAIRE) Croissant Bag ₩ 2,480,000 정려원 반달모양 명품가방은 크로와상 모양이라... 치마나 바지 두 가지에 다 잘 어울려서 여자 운동화, 남자 신발 다 추천해요. 개인적으로 커플분들께 커플템으로 둘이 같이 신어도 예쁠 거... ",https://blog.naver.com/cheeexee/223804132301,https://blogthumb.pstatic.net/MjAyNTAzMjBfMjUz/MDAxNzQyNDgwMTI1MDM0.btPFe5sZYIVfYKljfA1XcKDe8QvWPb86FqbQRIdSW20g.szfRrBObsMnjj0UkkeX7iUGdQkNvoHsqI_K9Kjxh63Eg.PNG/%C1%A4%B7%C1%BF%F8_%BF%A9%C7%E0%BB%E7%BA%B9%C6%D0_%BC%C7%C1%A4%BA%B8.png?type=s2
"

비스크돌 제베원 한유진 셀카, 남친짤 ,사복패션(제로베이스원,남돌,아이돌코디)
",셀카와 남친짤 관망하며 월요병 다 퇴치한건 저 뿐만 아니죠 느좋 미남을 사랑하는 일 너무 행복하니까 아이돌맛집 비스크돌의 탐구는 쭈욱 계속됩니다 투비컨티뉴 #제베원 #제베원한유진 #한유진 #한유진셀카 #한유진사복 #남돌사복 #한유진남친짤 #남자아이돌 #아이돌패션 #아이돌코디 #남친짤,https://blog.naver.com/cheeexee/223804132301,https://blogthumb.pstatic.net/MjAyNTAzMjBfMTMw/MDAxNzQyNDc5NTM3MDc3.stHnppAgMR0U_ecSaA3biHUK67JOxdvcOdCTh7QlubIg.ElnGw0az3pxOsB_XTlNMTHnXwC30HrOiu6URi_Wl-kUg.PNG/%C1%A4%B7%C1%BF%F8_%BF%A9%C7%E0%C6%D0%BC%C7_%B8%A3%B8%DE%B8%A3_%B0%A1%B9%E6_%BD%C5%B9%DF_%B4%BA%B9%DF%BF%EE%B5%BF%C8%AD_%B8%F0%C0%DA_%C1%A4%BA%B8_%283%29.png?type=s2
"

방부제 미모 자랑하는 31살 수지 사복패션.zip
",남자 여자 다 홀리는 스타일링 장인 겨울 느좋 수지 사복 패션.ZIP 최근 수지 인스타에 다량의 셀피 사진이 많이 올라와서 반응이 좋죠 수지는 올해로 나이 31살이지만 (94년생) 방부제 미모를 자랑하며 청순하면서도 예쁜 비주얼을 자랑하고 있습니다 스타일링도 너무 좋아서 여자 겨울 코디... ,https://blog.naver.com/vskdoll/223848188057,https://blogthumb.pstatic.net/MjAyNTAzMjBfMTQ2/MDAxNzQyNDc5NTM4ODAy.AYwuxU6VqwSQGWs3-SFQGi-S1bhYahlL9ee9NPuxj58g.91966MCBOyKk0eTu51gfOPoq9hDO_FWQHXaARWicx-Yg.PNG/%C1%A4%B7%C1%BF%F8_%BF%A9%C7%E0%C6%D0%BC%C7_%B8%A3%B8%DE%B8%A3_%B0%A1%B9%E6_%BD%C5%B9%DF_%B4%BA%B9%DF%BF%EE%B5%BF%C8%AD_%B8%F0%C0%DA_%C1%A4%BA%B8_%2812%29.png?type=s2
"

태연을 설레게 만든 이 남자! 느좋 연하남 강훈 코디 모음 zip
","태연을 설레게 만든 이 남자! 느좋 연하남 강훈 코디 모음 zip 안녕하세요 패션 인플루언서 난쟁이패션입니다. 최근 '놀토'에 출연한 강훈님이 많은... 대부분 드라마, 화보지만 중간중간 보이는 사복 코디는 꾸안꾸 스타일을 선호하시는 것 같더라고요! 부드러운 외모 덕분인지 어떤 스타일을 입어도... ",https://blog.naver.com/vskdoll/223848188057,https://blogthumb.pstatic.net/MjAyNTAzMjBfMTUz/MDAxNzQyNDc5NTQwMjY4.9Rt0jkmR1oSFtG58jcISfo2mdf5js8htmTeMGfN0eekg.W-OtlxlHWzImKS59qERx-rf73QsBsAyBTCDV5aCTeUUg.PNG/%C1%A4%B7%C1%BF%F8_%BF%A9%C7%E0%C6%D0%BC%C7_%B8%A3%B8%DE%B8%A3_%B0%A1%B9%E6_%BD%C5%B9%DF_%B4%BA%B9%DF%BF%EE%B5%BF%C8%AD_%B8%F0%C0%DA_%C1%A4%BA%B8_%281%29.png?type=s2
"

snl 김원훈, 개그 천재에 남자패션까지 완성형이라니
","웃긴 모습 뒤에 숨겨진 반전 매력, 바로 남자패션 센스였는데요. 이번에 공개된 김원훈의 다양한 사복 스타일과 화보 사진을 보면, 그가 단순히 개그와 연기만 잘하는게 아니라 트렌디한 남자 스타일링까지 소화하는 '완성형' 임을 알 수 있었어요. 느좋 (느낌 좋은) 남친룩은 물론이고 깔끔한... ",https://blog.naver.com/bhawnss96/223708912186,https://blogthumb.pstatic.net/MjAyNTA0MjdfNiAg/MDAxNzQ1NzY0NTQzNDU2.KSSbdTAAB1LiHQxfH__n_WhssSmkbPwpT9KipSLgnDMg.okFXhnzS5Yeo1K1M6Kjuejla2XHskHG3rjeW93u1KWIg.JPEG/IMG_8179.JPG?type=s2
"

[아이돌 사복] 카리나의 느낌좋은 일상, 느좋룩 카리나 사복 코디✨
","꾸안꾸, 편한룩 꾸안꾸, 활동적 편한룩 카리나 님의 사복 코디를 보면 한가지 룩에 치중되기 보단 장소나 그날 활동에 적합하게 코디를 하는데요 무조건 적인 꾸꾸룩을 고수하지 않는다는 점! 2. 모자의 활용 모자를 다양하게 활용 개인적으로 패션이나 코디 관련 글이나 의견을 말 할 때 항상 옷을... ",https://blog.naver.com/bhawnss96/223708912186,https://blogthumb.pstatic.net/MjAyNTA0MjdfMjc5/MDAxNzQ1NzY0NTQwOTAx.SuhQNiEkHw5XF1O08q67BIOhfsaPYpHm-fVsXxtRpQMg.IZeUOwfatJckF1UFdBDRpEigREBiLL4q4yAI3xkn_bcg.JPEG/IMG_8147.JPG?type=s2
"

테토녀 vs 에겐녀, 당신의 패션 취향은?
",나나 님의 요즘 사복패션들은 숏단발과 어울리는 시크하고 감각적인 스타일들을 선보이고 있는데요. 컬러 조합 또한 적절하게 매치한 트렌디하고 힙한 느낌의 착장들을 보여주고 있어 요즘 유행하는 핫한 느좋코디를 원한다면 딱 참고하기 좋은 셀럽이죠. 전지적 독자 시점 제작발표회 당시 채수빈... ,https://blog.naver.com/dpals10/223711666627,https://blogthumb.pstatic.net/MjAyNTA0MjdfMjA5/MDAxNzQ1NzY0NTQxNDc4.drUih5S4oXKYgHMTPXHQdduT06nNR-5dQ1d0jaZ9Y4Ig.3he7copCcilznqFMR3pQWg6YdcaFz2Hid-BWG6fKuVYg.JPEG/IMG_8148.JPG?type=s2
"

여자들의 추구미 아이들 미연 사복패션 3만원대 락피쉬 목도리✨
",겨울 분위기 느좋 그자체 남자들이 좋아하는 여친룩 스타사복패션 아이들 미연 사복패션.zip 안녕하세요 네이버 패션블로거 HWAN입니다 올 겨울에는 미연 사복패션 코디 따라해보자! 패션센스 좋기로 유명한 아이들 미연 사복패션 코디 살펴봤습니다⛄️ 97년생으로 청순한 분위기로 남자... ,https://blog.naver.com/bhawnss96/223701225677,https://blogthumb.pstatic.net/MjAyNDEyMjFfNjAg/MDAxNzM0NzY1ODcyNTQx.LN16cWpGI6VMwnL3Sb9grKugg2i18omdVksmp7NwvMsg.UVBC3MyHn2APuUpk_ex0Dl-ptTYPiSf9o55q59eSr98g.PNG/%3F%A0%9C%EB%AA%A9%EC%9D%84-%3F%9E%85%3F%A0%A5%3F%95%B4%EC%A3%BC%EC%84%B8%3F%9A%94_-001.png?type=s2
"

반응 좋은 디아도라(DIADORA) 리본 반팔 티셔츠 코디 ft. 류다인 사복
",요즘 많은 패션 브랜드들의 느좋 반팔 티셔츠들의 공통점은 로고 플레이는 접어두고 귀여운 포인트 이미지들을 각자 브랜드 감성을 녹인 프린팅입니다. 특히 여성들의 높은 호감을 얻고있는 프린팅은 가요계로 다시 컴백하며 브랜드평판 1위를 차지한 남자 가수 빅뱅의 리더 지디(지드래곤... ,https://blog.naver.com/bhawnss96/223701225677,https://blogthumb.pstatic.net/MjAyNDEyMjFfMTY4/MDAxNzM0NzYzMDY4OTg1.4twNSkNCtvztTR4jbKZ3hzUJ_jOgal7iRfVo0aJ9G0wg.2S2ycbE7LQECzxNRgbABTUWsf0W8OiJ-lA3j9q_YeVIg.JPEG/470894887_561427476708422_7038950117187956533_n.jpg?type=s2
"

<해피엔드>쿠리하라 하야토 히다카 유키토 인스타 사복 모음.zip
",영화 속에서는 교복과 심플한 코디가 많았지만 실제 인스타그램에서 보여주는 사복 패션은 또 다른 매력이 있어요. 영화 보면서 두 사람의 마스크... 느좋이다 증말... 이 사진에서 하야토 착장 완전 제 취향저격. 비니 넘 잘 어울려!!!! 둘이 진짜 MZ한데 또 필름 사진 보면... 또 그 약간 옛날... ,https://blog.naver.com/myuniverseok/223835729406,https://blogthumb.pstatic.net/MjAyNDEyMjFfMjEw/MDAxNzM0NzYzMDY5MDE2.EPE_d-ayQCzSb0cXMoNiCNWXFnzItIYNVjn696IH4yAg.L6_4zMPiP89YWYZ-zjKje3MK80PoLxVly5fy_rf0nx0g.JPEG/470902376_967287728579058_8354395016639051355_n.jpg?type=s2
"

제주도 여행간 여자들의 패션 워너비 기은세 감다살 휴가 패션
",뭔가 화보 같은 휴가 패션을 선 보인 기은세님 상큼미 터지는 하늘색 수영복에 빨간 샤넬 백으로 포인트 진짜 감다살 ! 물놀이 후에는 남자들이... 기은세인스타패션 #기은세사복패션 #기은세수영복 #기은세휴가패션 #기은세제주여행패션 #여자여름패션 #여자데일리룩 #여자느좋패션 #여자휴가패션,https://blog.naver.com/myuniverseok/223835729406,https://blogthumb.pstatic.net/MjAyNDEyMjFfMTQ5/MDAxNzM0NzYzMDY5NDY5.w3Hz6L1TJzJvviDe8KhCydmeL0bCpHu3eZaFaR2_XNwg.GIUv3Zfzfo1sTDVCE2pFkkKeD7TDVNUbEDUvk5axdPcg.JPEG/470937723_1890556824766218_7843492621449745918_n.jpg?type=s2
"

솔로지옥 시즌4 출연진 육준서 장태오 배지연 인스타, 나이ㅣ사복패션, 원 오프숄더... 
",특히 이번 시즌4에는 이미 얼굴이 많이 알려진 육준서와 장태오가 남자 출연진으로 출연하고 신인 모델 배지연까지 출연합니다. 육준서... 느좋 오프숄더 추천 01. Pleasenofollow Kacy Lettering Long Off-Shoulder Top Deep Charcoal 플리즈노팔로우 케이시 레터링 롱 오프숄더 탑 딥차콜 가장 먼저... ,https://blog.naver.com/eatpraylovemelonsoda/223855268094,https://blogthumb.pstatic.net/MjAyNTA0MTZfMjM2/MDAxNzQ0NzgxNDQxMjcw.1KHbSsI9BHtkNkuwY3Hw4ACEDYpiIC_Q0TEFuXDPgsIg.BmiGeK3D58I7Tnv2syrpZmG2LvBuPyLvvi-bhwTVeTMg.JPEG/IMG_1601.JPG?type=s2
"

사람이 어떻게 이렇게 고양이?! 인간 고양이 캐스팅 찰떡인 여배우
",인간 냥이라는 말을 납득할 수 밖에 없는 여배우 사복패션 실력도 대박이잖아?! @editor neco 천국보다 아름다운에서 쏘냐를 아시나요? 고먐미... 이번에 인간냥이로 나온 최희진 배우는 진짜 제대로 캐스팅된 것 같습니다ㅎㅎ 인간냥 최희진 인스타를 구경하다보니 사복이 너무 느좋이더라구... ,https://blog.naver.com/eatpraylovemelonsoda/223855268094,https://blogthumb.pstatic.net/MjAyNTA0MTZfMjgy/MDAxNzQ0NzgxNDY1MzM3.b4GDwtYs6EfGHBgg6jdUvkGlsC0Z1ah74vvQUHuOrC4g.Zq9VjLL9_QwXUfxWPrJxwEpD63c3fJDV29QarZyZ4M4g.JPEG/IMG_0355.jpg?type=s2
"

드라우닝 역주행 우즈 가디건 노쿨러스 손민수 추천
","옷 잘입기로 소문나 무즈(팬클럽)들의 손민수를 부르는 그가, 최근 휴가나와서 또 느좋 코디를 말아주고 갔다는 소식..! 보자마자 찾아온 사복... 다음엔 우즈 사복 패션 zip으로 찾아올게용 ♥ #우즈가디건 #노쿨러스 #남자가디건추천 ⓒ이미지출처 : 우즈 인스타그램, 노쿨러스",https://blog.naver.com/amdacc/223937858508,https://blogthumb.pstatic.net/MjAyNTA0MTZfMTM4/MDAxNzQ0NzgxNDYzMTMw.JaFM0wiitpwM-tmzoapWMAtxKaBhw-ODLnUv7I0lydgg.VpCHddjIH7H7sWBi4wZxX_P14cNEpewd71AEB7aOkr8g.JPEG/IMG_0356.jpg?type=s2
"

Y2K 패션 트렌드 코디 티모시 샬라메 나이키 에어모어 업템포 지디가 사랑했던 운동화!
",#지디업템포 #지디운동화 #나이키업템포팬텀 #티모시샬라메운동화 #티모시사복 #티모시샬라메영화 #티모시컴플리트언노운 #컴플리트언노운 #나이키운동화티모시 #느좋남 나이키 업템포를 다시 꺼내야 할 시간입니다. 남자 Y2K 패션 센스는 티모시를 저장하세요! 공식 행사지만 자기 옷장에서... ,https://blog.naver.com/wkaqh83/223729797675,https://blogthumb.pstatic.net/MjAyNTAxMThfMTM0/MDAxNzM3MTczNjU3NTEz.nsvSGGuVz1yKQKAZKTB5G5c2UFdhCQ7SNs7VfR7YHuMg.LAd84orfnGmdrEE8552fp_Y88IOcpWCcFLJzuSI39qgg.JPEG/output_3927245509.jpg?type=s2
"

참고하기 좋은 남자 연예인의 버뮤다팬츠 코디법
",허나 원래 모델이셨던 만큼 사복 패션 또한 유명하셔서 많은 분들이 코디에 참고하고 계십니다. 사진의 코디는 바람막이와 매치해 주셨는데요. 날씨가 더 더워지기 전에 입기 좋을 것 같아요! 이렇게 체크 셔츠와 무릎을 완전히 덮어주는 버뮤다팬츠를 코디하여 느좋룩을 완성했습니다. 여름에도... ,https://blog.naver.com/wkaqh83/223729797675,https://blogthumb.pstatic.net/MjAyNTAxMThfMTc0/MDAxNzM3MTcyOTA5MTMx.TD5iax8X7VDWbGzqfSPeCZZjmv2UYgjlz6NKdjeR3YIg.aylQEQeQczrEHoUISEAMYXWyUypDQqn_6PKA-sXfDLYg.JPEG/output_2727322663.jpg?type=s2
"

신발 l 라이즈 선공개 ㅣ 라이즈 손민수 ㅣ 원빈 패션 ㅣ 원빈 손민수 ㅣ 라이즈 사복
",느좋 보이들의 다 신고다닌다는 그 신발... 출처 - osen 꾸안꾸룩 낭낭하네요 ㅎㅎㅎ 클락스는 데일리로 신기 너무 좋더라고요!!... 남자신발추천 #남자부츠추천 #연예인신발 #연예인부츠 #아이돌신발 #아이돌부츠 #연예인패션 #아이돌패션 #데일리룩 #스트릿룩 #라이즈옷정보... ,https://blog.naver.com/taegis00/223893759810,https://blogthumb.pstatic.net/MjAyNTAxMThfMTU2/MDAxNzM3MTMzNTUwODg1.qeLmQtWfFvYVYUFrY_EP6niBlETV79OotHWVISK6wKUg.-BukEZMKt6gdkRqWmMXpvfsG_qBoOQLZ4uP723_img0g.JPEG/output_2266298587.jpg?type=s2
"

고프코어룩도 색다르게 차정원 패션 휠라 에샤페 실버문 아크테릭스 경량패딩 커플 여성... 
",차정원 패션 오랜만에 여자 고프코어룩 코디를 선보였는데요 흔하지 않은 색감의 아크테릭스 경량패딩과 휠라 여성 운동화를 활용해 느좋 코디... 참고해보세요:) 여자 운동화 남자 운동화 & > 지금까지 차정원 사복 차정원 패션 스타일링 정보였습니다:) 여자 운동화 남자 운동화 출처 : 차정원 SNS,https://blog.naver.com/taegis00/223893759810,https://blogthumb.pstatic.net/MjAyNTAxMThfNDYg/MDAxNzM3MTMzNTUwODUx.Q_klIMcivdsr7ZqiP3SFOtj0NsLoh3uLetZzfDjxbK0g.80DgefM7tgMtgZtO3RUw5OOCsTVrDLYSzXJULwVc9hwg.JPEG/output_94928041.jpg?type=s2
"

옷잘알 여배우 스투시 반팔 티셔츠 코디 TIP 정리
",차정원 사복패션 눈여겨 보시는 분들 많으실텐데요. 매번 느좋 코디의 대명사답게 레이어드를 예쁘게 하기로 유명하죠. 차정원님은 브랜드 감성이... 권나라 패션 정보 top : 스투시 반팔 옷잘알 여배우로 언급되고 있는 권나라님의 스투시 반팔 티셔츠 코디도 정말 유명하죠. 남자들이 가장... ,https://blog.naver.com/simbaxjo/223858080587,https://blogthumb.pstatic.net/MjAyNTA2MDlfMjYw/MDAxNzQ5NDM5MDg3ODQ2.OCLJGZ_jXhvdG77a3HC0_kJhdtSnLpuU0Qkh2FrblMkg.300IYQToaLB_oqiPPViTWS6riqWvxN7CtVeKwnv9m8Ug.PNG/IMG%A3%DF7962.PNG?type=s2
"

프라다픽 = 내픽 , 밀라노 찢고온 변우석, 카리나, 가원
",이 헤어 남자들 사이에서 유행하게 될까요?ㅎㅎ 일단 변우석이 한 건 신의 한 수 였다고 봅니다! 출처 : SPORTS W / 프라다 사진제공 출국할... 사복 진짜 너무 느좋... 올블랙에 옐로우 스니커즈로 포인트! 역시 옷잘알. 출처 : 변우석 인스타그램(@byeonwooseok) 인스타 보다가 이거 보고 눈을... ,https://blog.naver.com/simbaxjo/223858080587,https://blogthumb.pstatic.net/MjAyNTA2MDlfMjAx/MDAxNzQ5NDM5MjQ0MTA1.5jHM_dHqoXVvx_0k9R2a7QrddbIaIu9n2yUVY7LQwwIg.y7hjmdq25RAWLsPOFtIz5OfTEiNGylkZibAcHvEwCr8g.JPEG/output%A3%DF3102705923.jpg?type=s2
"

4월부터 달라지기 실패~!
",4월 달력 일러가 느좋 일러들이라 기분 좋게 시작~! 4月1日 화 4월의 시작을 만화책으로 열어요 이번 권은 딱히 맘에 쏙 드는 특전이 없어서 무배로... 빨리 교복도 재판 쿠다사이 윈브레 7-8권도 받았어요 사복 패션 정말 쉽지 않다 이번에두 애니메이트 특전으로 겟 웃는 사쿠라 너무 귀여워... ,https://blog.naver.com/dbzk0824/223770001285,https://blogthumb.pstatic.net/MjAyNTA2MDlfMyAg/MDAxNzQ5NDM5Nzk4MjA0.wiwC7nMFv1fixCFKMBSPDbHrgtdaijBveU1OU0svQiYg.6xlVbq95-oGFF35Yzpj5NJpz0_nFHnyJiC-9MqJDLfYg.JPEG/output%A3%DF3317959772.jpg?type=s2
"

0708 | 핀터레스트 아카이빙
","핀터레스트 구경 쫌쫌따리 하다가 아카이빙 하고 싶어서 가져옴 느좋 사진 구경하는거 좋아해서 카테고리는 다양함 이렇게 기록해놓고 나 ~ 중에... ㅜ 사복 패션의 권력자 벨라 하디드 딱 내가 좋아하는 발목양말, 니삭스 스타일을 자주 신어서 챙겨보는 재미가 있음 스커트인지 반바지인지는... ",https://blog.naver.com/neptunesir/223926487756,https://blogthumb.pstatic.net/MjAyNTA3MDhfMjIx/MDAxNzUxOTY4NDMxNzM2.mBHLldhNvPh9wGeiU6VMnNVRoJ2vJRDIZbZ_fKJiegYg.-Tews7aPeCxxefZ-2ttXJtav2WApCvuML9sIXHXX50Ig.JPEG/IMG%A3%DF0124.JPG?type=s2
"

손나은 운동화 데상트 신발 여자 화이트 스니커즈 추천
","그래서 연예인 사복이나 공항패션을 보면서 뭘 신는지 보게 되는데 며칠 전 #손나은운동화 보고 반해버렸지 뭐에요~ 꾸준히 자기 관리하는... 어떤 스타일에도 자연스럽게 어울려 일상과 아웃도어 씬에서 다양하게 코디할 수 있는 남자 #여자신발 이랍니다. 데상트 엣지코트 119,000원 2024년... ",https://blog.naver.com/neptunesir/223926487756,https://blogthumb.pstatic.net/MjAyNTA3MDhfMzQg/MDAxNzUxOTY2MDAyNDYy.86OfmIykDbVZP7um6WSBJ-dFvU_TXHhZFRDj-xGlrg8g.8dQChGQD0bnJUXw2yET6z2R9oSKwXT04gBqUGSZucMQg.JPEG/IMG%A3%DF0150.JPG?type=s2
"

멜리트 모자 후기
",특히 고소영 캡모자로 유명하더라구요 실제로 연예인들이 공항패션이나 사복에서 자주 쓰는 브랜드라서 눈여겨보고 있었거든요. 프리사이즈라 걱정했지만 진짜 찰떡같이 잘 맞아요! 빈티지캡도 있고 가격도 2만원대 무조건 생일선물 여름에 태어난 이들에게 하세요 욕 안먹습니다 느좋 모자임... ,https://blog.naver.com/invu1657/223785220150,https://blogthumb.pstatic.net/MjAyNTA3MDhfMTc3/MDAxNzUxOTY2MDAyNjY2.jskfFJkWyHYBqrocu6dwCfQ8gY_aN4Soo-yWoNhw73og.z25fTfBY_vHdG7kVRqHc2aN8vc1Nes-O9_b_zJG92O8g.JPEG/IMG%A3%DF0151.JPG?type=s2
"

- 07. 28
",< 이런 프로포즈 해주는 남자 만나야지 승민 원필 현상 도훈 준비해주데여 ~ .. 2번째 추울근 해염 히히 지덕 팬을 위해 매실을 사갑니다 지덕이가 매실을 좋아한대요 사실 소주에 매실 타먹는 거 좋아하는 건 나임 ㅋㅋ 저 티 하나만 보고 이 술집을 오고 싶었는데 생각보다 느좋 술집이었긔 길치라... ,https://blog.naver.com/invu1657/223785220150,https://blogthumb.pstatic.net/MjAyNTA3MDhfMjEy/MDAxNzUxOTY2MDAyMjY5.mLulHWHeg5aKgmVmJ_UOwX-cOrM-QO02-OQj2ff-mKsg.rfTLGrxuHc0fbbjB5oib-tuEl7Rq4b_Ug6QLpyAWSzsg.JPEG/IMG%A3%DF0152.JPG?type=s2
"

오로지 너를 위해 기꺼이 부서지는 마음이 있어.
",웃겨주는 남자 아님 안됨 느좋 ••• („• ֊ •„)   너 뭐 먹고 싶어 ? ✨ 휸닝이 휸닝이눈 ♡ 아무꼬나 .. ᷇ ·̮ ᷆  야 .. 혀 붙여 ..  형은 뭐... 입삐쭉 쭈니 사복 넘 조아 ..... 두분스타일 비슷해지셧음 세상에 진짜 너무너무 예쁘고 아름답고 눈봐바 절대착한고양천년고양이 덮머라고 하고 머리... ,https://blog.naver.com/loviz_/223932021219,https://blogthumb.pstatic.net/MjAyNTAzMDZfMTk1/MDAxNzQxMTkyNTAwMDg0.WPeAsTVyKDQHWfES-9Z15K4r8OIOdUUBb8xra-EhG74g.Y8UXsnOzGUYeYObT-RmWnFcgHTJiaF9Xofo_d26Y2Ecg.JPEG/%BC%D5%B3%AA%C0%BA_%B5%A5%BB%F3%C6%AE_%BF%EE%B5%BF%C8%AD_1.jpg?type=s2
"

밴드와커피와글과함께하는가을이란
",쓰는 남자 = 내 이상형 내가 하려고 캡처한 .. 다음주에 갖꼬올게욤 아 너무 마음 좋다 ~~~ 풍요로워짐 (내방아니구 .. 어떤 마데쌤 ..) 지영이랑... 데식 월드투어하면 좋은 점 : 오빠들의 느좋 사복패션을 볼 수 있다 세팅 안된 모습을 더 좋아해 본판이 이미 세팅 되었거든 후훗 역시나 슈퍼스타다... ,https://blog.naver.com/loviz_/223932021219,https://blogthumb.pstatic.net/MjAyNTAzMDVfMTgz/MDAxNzQxMTg0ODA2Mjg4.mtkqKMUvpvKCjwC594P3Zg5D9M56AvOBqwXRYxZBdswg.P0ajG3zRmOHbfINxViyhdxbBRWajzQtKrCXBS9AjZWwg.JPEG/%BC%D5%B3%AA%C0%BA_%B5%A5%BB%F3%C6%AE_%BF%EE%B5%BF%C8%AD_2.jpg?type=s2
"

주우재 요즘 추구미.
","인물이죠 느좋코디나 패션 스타일링을 좀 더 알아보고 싶다! 라고 생각하시는 분들은 주우재 님의 개인 인스타피드를 참고하셔도 좋을 것 같아요 패션 유튜버, 모델 답게 개인적인 사복 스타일링이 담긴 이미지들이 정말 많답니다 아 그리고 주우재 님이 좋아하시는 브랜드로는 쿠어, 애프터프레이... ",https://blog.naver.com/ssssxol/223950285576,https://blogthumb.pstatic.net/MjAyNTAzMDVfNzQg/MDAxNzQxMTg0ODA2MjYx.rr5MjSAyIA9tzqCRp_i5cxifm89c8kXtZOv3MgQxR9Mg.cjvdlpda4ssMqPB1M11Y-Frn7I8lCvHp0eap_j4rbOMg.JPEG/%BC%D5%B3%AA%C0%BA_%B5%A5%BB%F3%C6%AE_%BF%EE%B5%BF%C8%AD_3.jpg?type=s2
"

10cm 권정열로 보는 폴로(POLO) 맨투맨 코디 봄 남친룩 추천
","패션 센스도 느좋 그 자체 10cm 권정열 인스타 사복패션 폴로(POLO) 집업 맨투맨 코디법 여자들이 좋아하는 싱어송라이터 10cm 권정열 인스타 패션... 코디 남자 여자 모두 좋아하는 브랜드 폴로(POLO) 클래식하면서도 캐주얼한 무드로 데일리룩 코디로 무난하면서 깔끔하죠 또, 요즘에는 딱 달라붙는... ",https://blog.naver.com/bhawnss96/223821443225,https://blogthumb.pstatic.net/MjAyNTA0MDRfMTk5/MDAxNzQzNjk2MjUzOTIy.NJmlpSgWhghxZMBV5-OmBLnOGaR50Cz1BErmy49GuO0g.DD5BGVJwy9WZ0x8l05eNhwXBHVoZEjMHc6MJQzCIH3Mg.PNG/%3F%A0%9C%EB%AA%A9%EC%9D%84-%3F%9E%85%3F%A0%A5%3F%95%B4%EC%A3%BC%EC%84%B8%3F%9A%94_-001-7.png?type=s2
"

프라다의 남자 정재현은 이렇게 입는다
","하는 느좋 연예인들을 스윽 담아오는 콘텐츠인데요 첫 포스팅, 영광의 주인공은 바로 . . . 프라다의 남자 정재현입니다  *주의* 이번... 이렇게 밀라노 패션위크에 참여하는 공식적인 룩도 참 멋스럽지만 진정한 멋은 ... 재현의 사복 센스가 한 스푼 첨가된 요런 내추럴한 코디인 것 같아요... ",https://blog.naver.com/bhawnss96/223821443225,https://blogthumb.pstatic.net/MjAyNTA0MDRfNTkg/MDAxNzQzNjk0MzM4NDIx.Rx86oEeIPmFeK6wsixqHwojp-UNsHwN9TNtbiMSDAuAg.bK5XQ65jyDel5Mkdp8KfT9fVUhoex7MPcaluirecO3Ig.JPEG/488179439_18488780023029373_4961205515636742164_n.jpg?type=s2
"

༊·˚⋰˚✩[5-6월] 블프기념 소비리스트 작성..!
",발견한 느좋 프린팅+스카프= 현재 49000->29000무려 2만원(40%)세일중!!! 나이엔 러블리 시크 백리스 테일러드 베스트 56000원 위에 스키즘인듀싱이랑 같이 입을려고산 베스트!! 사실 이 베스트는 뒤에가 끈으로 이루어져있어서 약간 고민하는중이였는데 베몬 아사님이 사복 패션으루 같이... ,https://blog.naver.com/leeseemag/223902127139,https://blogthumb.pstatic.net/MjAyNTA0MDRfMTky/MDAxNzQzNjk0MzM4MzE0.LnVKW8x27bPSzA8naeKMQxENPT254B_xYdKXUsmZgYYg.eYebBGlvLHZhn58M0UbfS8_lr1jHf5OH5ToSswxgobUg.JPEG/488002408_18488779972029373_8036902306798125963_n.jpg?type=s2
"

Lana del rey에 대하여
","노래는 전체적으로 사랑에 대해 이야기 하는데요.권력자의 사랑을 갈구하고, 남자들 앞에선 무기력하게 매달리는 건 물론 인생이 망한 남자를... 사복 패션은 상당히 심플합니다. 지금보니 그렇게 나쁘지도 않네요. 전체적으로 심플한 핏 아이러니 하게도, 소녀적인 패션과 어딘가 피폐한... ",https://blog.naver.com/leeseemag/223902127139,https://blogthumb.pstatic.net/MjAyNTA0MDRfMTgy/MDAxNzQzNjk0MzM4MzQ1.XIPREuAGNT-0R3bQFfzXDw1fwcIFaptbbjWBuBQihsUg.TKGFG2-8FfpBkZY_luXoC9qfLT0MF1y_ym7wjvg5VyIg.JPEG/488206571_18488779981029373_1380255052508917546_n.jpg?type=s2
"

가을방학
","09 - 10 숙대 - umoae 또왔다 창문 밖 풍경 느좋,, 건강 포케 홍대 - 차백도 중국 1위 버블티가 상륙했다해서 궁금 홍대 간 김에 사먹어봤는데 망고펄로..... 에스파 사복패션 넘 좋구요... 만들다 보면 1.5인분 되는 파스타 어후 강남역 2호선 퇴근길 근황 ㅠㅠ 그냥 1억 내고 신분당선 탑니다.. 마포... ",https://blog.naver.com/hueity/223900571053,https://blogthumb.pstatic.net/MjAyNTA2MTRfMTUg/MDAxNzQ5OTAzODAxMjE5.talgCY90JoGltTXnJUxB3ZUpgIf_9baR08XlYhpLaG0g.69rpS8ewANxX9wAruwcprZMmopAgcfdy6ug5EnM8Dnog.JPEG/%C1%A4%B9%E6%C7%FC.jpg?type=s2
"

겨울 원호 얼굴이 제철
",인스타 사복 사진들도 개좋음 비니쓴거 겁나 예뻐 꾸준히 미는 원호 비니스타일 호밀시절부터 내 최애임 다시봐도 너무 좋아 체크셔츠 입고 어깨 넓은 남자 느좋 <언포겟터블 갈라> 하이넥 너 최고 목폴라티 좋은거처럼 하이넥도 좋아 얼굴 감사합니다 진짜로 <샌프란시스코 팬밋업> 이가리... ,https://blog.naver.com/hueity/223900571053,https://blogthumb.pstatic.net/MjAyNTA2MTdfMTM4/MDAxNzUwMTMzMzM1ODI2.bXkeUO4ymfsSURVmU6j2gQm_mJAGXeqWdx6eBhYhVfUg.qYytp_2jbrHaBTAYxoQUW-mFH7qaWPm_EdNZoV-LZdwg.JPEG/bd1552f6fa1b071924781c01ed13c18e.jpg?type=s2
"

https://blog.naver.com/s_ha79/223869811339
",저 불꽃남자 되게되게 급하게 만든건데 나 너무 잘만들어서 혼자 뿌듯해따 들고 계신 분이랑 똑!같이 생겨서 볼때마다 웃김 .. 우리반아이들이... 사진이 느좋임 어쩜 옷을 저리 잘 입는건지 .. 지디 따라입어라 다들 아 아니다 취소. 지디라서 잘어울리는 ㄷㅡㅅ .. 암튼 난 권지뇽씨 사복패션이... ,https://blog.naver.com/sun_dh2/223767309299,https://blogthumb.pstatic.net/MjAyNTA2MTRfMTc4/MDAxNzQ5OTAzODAwODE1.uGUO52CPVweqd-N4y1kd78gKzrLucD2WwqrggCW6qQEg.IcWa_Ffz88my6InfklH8OqzaCQUkQAkwL2R76s96T-Eg.JPEG/1-2.jpg?type=s2
"

추구미
",등등이 아닌 마른 남자아이돌.. 이다 정확히 말 하자면 추구하는 사복 패션과 핏인데 일단 누군가의 말을 인용하면 너무 어려운 길을 택한 것이... 빠른 남자 카키색 트코에 스트라이프 목도리 이거 꽤괜이네 + 올 가을엔 아사히 느낌을 일단 베이프 손민수 완 - 호시 진짜 개 느좋 왼쪽은 약간... ,https://blog.naver.com/granng/223561856139,https://blogthumb.pstatic.net/MjAyNDA4MjZfMjM5/MDAxNzI0Njg0MDc1NTQ0.E4EUNCmjhXYqz8-cQLLmmUk4qrmnAfv_nK-z5nr0k5Mg.X2d5M36jaeSQn0JWyh94dQbzI-w11utYac4LyOo6v5Ag.JPEG/20230918%A3%DF133340.jpg?type=s2
"

[BL 만화 리뷰] 사라진 첫사랑 2권
","나만큼!"" 이다라는 남자에게 반해버린 아오키. 게다가 하시모토에게서 놀라운 진실을 들어 갈수록 고민스러워진다. 그러던 중 이다네 집에서... 안나올법한 사복패션 그림이 많음 ㅋㅋㅋㅋ 멋있어 이다... 일단 2권은 지난번에 본 쪽지시험 결과로 시작이 됨... 아오키는 진짜 고딩맞나? 싶은 수준의... ",https://blog.naver.com/granng/223561856139,https://blogthumb.pstatic.net/MjAyNDA4MjZfMjM2/MDAxNzI0Njg0MDc1NTk3.7r-O_WCuABykLuRKnyaC4gAPlLdRv3O8MDOFzN01YRgg.iyvmFkMN35muXtOR3pXGJoTCsTnFURK4mnKCiINTJVMg.JPEG/weverse%A3%DF20240729140934%A3%AD1.jpg?type=s2
"

나 지금 위시 보고 있잖아 邪魔するな/ 위즈니의_주접..../ 같이_주접_떨어주실_시즈니 괆
","아기가 아니고 청소년과 남자 그 사이 어디쯤... 아기가 아니구나... 싶었뚬.... 윳띠래용 사랑 많아~!~!~!~! 즨짜 저런 화장 개 찬성. 왕 좋아. 많이... 우리 아기가 벌써 다 커버렸다고,, 눈물이 날뻔 ㅋ 개 느 좋 ,, 너무 귀엽잖ㅇㅎ ㅜㅜ 아직도 적응이 안됨 ,, 난 상상할 수 없어,, 다 큰 사쿠,, 막아야됨... ",https://blog.naver.com/koiii_kku/223668836313,https://blogthumb.pstatic.net/MjAyNDA4MjdfMjMy/MDAxNzI0NjkxNzQzODY1.DdX33aWTehDuCKbN2mDKYAllGpfHZJxxllCdQLbgbZcg.0E1Cs4UQmWlKAfxEA_P2-5U1v4yEFPlhhQFN55fGoLYg.PNG/20240827%A3%DF014343.png?type=s2
"

남자 여자 부츠컷 청바지의 대유행ㅣ수지 게스, 언더마이카 플레어진(지드래곤... 
",그럼 지금부터 느좋 부츠컷 청바지 함께 살펴보자구요  플레어진 유행의 서막 세계적인 래퍼 켄드릭 라마가 슈퍼볼 공연에서 착용한 바지가... >> KREAM에서 플레어진 살펴보기 #플레어진 #부츠컷 #청바지 #남자플레어진 #여자부츠컷 #수지부츠컷 #수지청바지 #수지사복 < 함께 보기 좋은... ,https://blog.naver.com/koiii_kku/223668836313,https://blogthumb.pstatic.net/MjAyNDA4MjdfMjg3/MDAxNzI0NjkxOTE2NjY0.N98Mdgg4LnyJp2k8bI0wDipGoa_gL7N2N_bYOC2o_S8g.DeZQ_m61uDzONPkD6y0IbhRUjHWDGkPcN5MyHJBzsJcg.JPEG/20240827%A3%DF010036.jpg?type=s2
"

[리뷰] 소울이터 | 등장인물, 줄거리, 세계관 | 본즈의 숨겨진 액션명작
","이 느좋존잼을 왜 이제 봤지? 바로 리뷰 시작해~ 소울이터 ソウルイーター 분야: 판타지>마법, 배틀물, 소년만화. 주인장 별점... 패션도 죽이는데 검은 십자가를 연상시키는 넥타이와 수트를 항상 착용한다. 옛날만화답게 딸에게 구박당하는 바람끼 많은 남자...에 눈물도 많고 바보 같아 보이는... ",https://blog.naver.com/tkscysl/223672024114,https://blogthumb.pstatic.net/MjAyNDExMjFfMjE0/MDAxNzMyMTg5NDUxODYx.YARUQonphgFOeT3p4aA3wbqcKdYM117D3Esi59xRs6Ig.AubBDKxlaAJN0-Hbml9Fg4jY5x16d9FEI0SFoKHZcOAg.JPEG/20241112_185149.jpg?type=s2
"

성수 NBA 플래그십스토어 예뻤던 엔비에이 옷 순위
","엔비에이 농구 팬부터 패션 매니아층 사이 화두거리로 오르며 성수의 4월 오픈과 동시 성수 핫플레이스로 자리매김하고 있어요. 엔비에이... 농구 경기 일정이 끝난 뒤 선수들의 찐 사복을 들여다보며 디자인을 고안했다고 하는데요, 오프 시즌의 모습에서 영감을 얻은 만큼 포멀한 느낌이... ",https://blog.naver.com/tkscysl/223672024114,https://blogthumb.pstatic.net/MjAyNDExMjFfMTQ3/MDAxNzMyMTg5OTM0MjEx.IaNSuC7HPNXbJB8sRVB5JmITsbiMoM8_7H81yNXmPUEg.s6sEClYVXbQGwai37ge0ATPkrG-UjAv_pao44iryamcg.JPEG/20241112_185226.jpg?type=s2
"

~ Feb. 그리다 보면 그 언젠간
",그런 날이 왔어 ㅠ 새해 첫곡 첫곡으로 이거 들었는데 사실 이노래는 필떤남자의 행복을 빌어주는 노래지만 나한테 행운이 와라 라는 의미에서... ㅋㅋ 느좋 KWP의 사복패션이 진심 스제코디 보다 더 나아요 내가 들어갈까 하 걍 다들 사복입자..... 1.25 이사한 할머니댁 방문 feat. 엄마의 인테리어 저... ,https://blog.naver.com/hypesurf/223784803794,https://blogthumb.pstatic.net/MjAyNDExMjFfMjc0/MDAxNzMyMTkwMjk2NDMx.rNr-N_7bv7pGYH24traEjErUI0UUhCr4_ap1ml-MM3Ug.HPZHmVMxZl0EgGm2ImUPZTbXn3A6llAfj5WUe6jn64Eg.JPEG/20241112_185529.jpg?type=s2
"

지민 전시회 ‘The Truth Untold : 전하지 못한 진심’
","저는 처음에 나레이션?으로 나오는 남자 목소리 태형이인줄 알았어요 음~ 이거지예 청청패션 너무 잘 어울려,,, 저는 또 윤기콘때 지민이 착장... 온도인지 그냥 필터인지는 잘 모르겟는데 저런 쌈뽕한 것도 있었어요 정국이때랑 똑같이 다큐영상 영화관처럼 해놧구 너무 느좋. 진짜 사복입은... ",https://blog.naver.com/ye0njuo4/223691606429,https://blogthumb.pstatic.net/MjAyNDEyMTJfMTE3/MDAxNzM0MDA4Njc4NzYz.FQ79jGGT5xKg__pJMjyf1Qv_eJXU87rbmCZlPIZKfZkg.ISBi4H8U7ejSDWBvczVF69P3GhO-vxzPpD3Ku3GHayAg.JPEG/output_1073745618.jpg?type=s2
"

엔시티 위시 시온, 시온 셀카, 시온 남친짤, 엔위시 시온 배경화면 모음... 
",com 엄청난 엠지력으로 릴스와 쇼츠 틱톡을 지배하며 너무나 좋은 느낌을 주는 느좋. 엔위시 그중에서도 빼곡한 머리숱... 천상계 피부... 앵두같은... #엔시티위시 #엔시티 #엔시티위시온 #오시온 #시온남친짤 #시온셀카 #시온사복 #nctwish #시즈니 #아이돌코디 #아이돌룩 #남돌패션,https://blog.naver.com/ye0njuo4/223691606429,https://blogthumb.pstatic.net/MjAyNDEyMTJfMjk5/MDAxNzM0MDA3MTg0Nzc5.xt_wmEXtx0L6nW3Svuf3tW4SGpYPfOA5ginEtDlZAp8g.kbZXaqfpugQgq70r6JDjNrfGyNPvXY5m6qYV1ip6Frsg.JPEG/IMG_1990.jpg?type=s2
"

Nanigasuki~~????!!!!!
",위한 패션쇼 함 해주고 먹고시펏던 막창을 먹었다!!!!!!!!!!! 가게이름에 대구막창이들어갓던것같은데… 전주에서 먹는 대구 막창 그래도 대구에서... 휘갈겨버림 남자들 싸인 존나많아 이정도면 내가 팬싸 열어야되 ㄴ너 뭐 돼?? 남미새에요 저 남돌미새 아침에 살짝 추운데 사복입으면 감점시키니까... ,https://blog.naver.com/vskdoll/223646507648,https://blogthumb.pstatic.net/MjAyNDEyMTJfMTAg/MDAxNzM0MDA3MTg0ODIy.moFxrMvsWghZPMnNjPTRFi84MuJMaHFweWJ9YI2QKNUg.RNsTvO3WtjOln2DHGqbINO_Myu0nTpp_5pHvWumA2L0g.JPEG/IMG_1994.jpg?type=s2
"

핀터레스트 느낌 나는 쉬인 하울 +SHEIN 1월 후기
",프레임) 느좋 외국인 언니의 사진을 보고 구매를 안할 수가 없었다 쉬인에서 안경을 사본 적은 없었는데 5천 원 이하라는 싼값에 그냥 한 번 구매... #쉬인 #SHEIN #핀터레스트감성 #손민수 #쉬인한국인후기 #해린공항패션 #제니사복 #정재현머리띠 #제니안무연습영상옷정보 #에이블리 #지그재그... ,https://blog.naver.com/vskdoll/223646507648,https://blogthumb.pstatic.net/MjAyNDEyMTJfMjU2/MDAxNzM0MDA3MTg1Mzk0.ktmQEeCU9igOioATju2wtJ5hJ6y8QLzh-aqJ_m4EmjIg.wMz3CNj95zpCgm0OOu4YqgagydIlKpq8ZosMwimCrq0g.JPEG/IMG_2001.jpg?type=s2
"

2024 내가 사랑했던 에스쿱스를 모아모아
","유럽출국 사복도 좋은데 이날만큼 느좋 공항패션 있을까? 무려 캡모자를 눌러쓰고 왔는데도 개좋음 캭 내 기억에 승철이가 샤넬백 메고나온게 이날이 처음이었는데 진짜 쇼핑백들고다닌 사진만 보다가,, 우리 오빠가 샤넬백을? mood됨 무튼 진심 남자력 개에바 착장에 샤넬한스푼 떨궈서 뭔가..... ",https://blog.naver.com/imabbgirl_0829/223906440926,https://blogthumb.pstatic.net/MjAyNDExMDRfMTk3/MDAxNzMwNzA2MDA0Nzc4.pL4X3MhMOTDdkDqeC2afGLLFg0XGQipbhk-xa62FXpAg.zPhUpvkUpLERFaxREgWjNl1mPGvWu0-yNuoC-FvI5lIg.JPEG/IMG_0916.JPG?type=s2
"

현대극 중드 내기준 탑5 추천
",미친 패션센스(실제로 여기서 입은 옷들 다 조로사 사복인게 느좋이라고)로 이드라마를 전두지휘한다고 단자쉬 이 놈 나도 너 좋아하지만 이... 보면서 양양 지독하게 사랑했고 남자들 얼굴 다양해서 재밌음 이 먼치킨 물과 성장물의 조화란 언제나 봐도 완벽함 당신이 오타쿠면 이드리마를... ,https://blog.naver.com/imabbgirl_0829/223906440926,https://blogthumb.pstatic.net/MjAyNDExMDRfMjA1/MDAxNzMwNzA2MDA4MzQ2.ktO4bKIE6nzeNQEj5RnGCeyyyRdgEPr9FTmMkYbnaVog.KSFZL0N5ls_gIdsPhbAj-Hm00qFJFYhj5QCbZjxnpRIg.JPEG/IMG_0912.JPG?type=s2
"

금발붐 re:start
",이 남자가 하면 굿~ 근데 안경이랑 셔츠 둘 다 30만원 훌쩍 넘는 가격이었음;; 패션의 세계는 어렵도다 쓰잘데기 없는 소린데 저런 머리띠 고정력은 개쎈데 오래 하고 있으면 귀 옆에 엄청 아픈 거 알죠 ㅜㅋㅋㅋㅋㅋㅋ 알아 몰라 알아 몰라 아시는 분은 공감댓을 남겨주세요 오늘의 느좋 사진. 저... ,https://blog.naver.com/onemorethantwenty/223744711673,https://blogthumb.pstatic.net/MjAyNDExMDRfMTI3/MDAxNzMwNzA2MDA0NjA5.sGZibzq-JvxkmnbLbezVwDfwhyFIya2CJYu0swLZMYog.ViM3dRnhKGprVFp3LKGyH_63VjKqwhbAIacwgeZ3shAg.JPEG/IMG_0911.JPG?type=s2
"

나의 한달 일기 (1)
",뭐 어쩌구 머시깽이 해서 그런가 물놀이 하는곳이 많았다 물론 애기들은 수영복 입고 놀았지만 우리는 그런거 없다 그냥 사복차림으로 들어가..... 자세 ㅇㅈㄹ로 잠 여자는 2층에서 남자는 1층에서 자기로 했지만? 격렬한 게임 소동 이후 우리한테 그런건 없어. 눈떠보니 바닥이길래 터벅터벅... ,https://blog.naver.com/jihyun2885/223917091886,https://blogthumb.pstatic.net/MjAyNTA2MzBfMjcz/MDAxNzUxMjg2NTU3MzM4.U3ME8iImTW--NLrsw71H6A7XYxBFka9tnVK502ceAiEg.-Z2Z9WPyf_kG_qYkWwrEGz1Ajm1jKhQQdLYBoDPjpZYg.JPEG/900%A3%DFScreenshot%A3%DF20250630%A3%DF212735%A3%DFGallery.jpg?type=s2
"

숑프의 2024 성찬 연말결산(문답) #2
",그 어떤 느좋. 참을 수가 없다. (뭘?) 근데 사실 이거 이너티가 진심..흰색도 갖고 있던데...예...핏 되어서...예...좋아요 241108 라이즈 인스타 성찬 휴가 때 이게 진짜 사복 중 최고 갠적으로 어깨 넓은 남자가 니트류 입어주는 걸 너무 좋아함... 흰 나시에 무심하게 툭 걸친 것 같은 느낌이 딱 좋음... ,https://blog.naver.com/jihyun2885/223917091886,https://blogthumb.pstatic.net/MjAyNTA3MDFfMTI5/MDAxNzUxMzc3MDMwNTE2.2IMUXoUc6R_d2ixndowJOUIRX_AU85UCBySF7y4UWWkg.mH4rU5tOjZrxzo9BLM_HQhc_GCSs2jKGzjoUFICK2tcg.JPEG/775b1fc20bce98d0d22cf927efd6f4c5.jpg?type=s2
"

아직도 너를 사랑해서 슬프다.
",이 남자..... 가지고 싶다 자기 캠인지 물어보고 빵긋하는 거 넘넘 기여움  제꺼예요?  와아앙 고생해써용 범규가 풍등에 또박또박 써내려간 소원... 카이님 사복 왜 이리 느좋...? 바뀐 의상 너무 좋은데??? 수빈이 이거 파마한 머리래!!!!! 너무너무 기엽구 잘 어울려요  이건 진짜 '왕자님' 이잖아... ,https://blog.naver.com/skaalto212/223739114998,https://blogthumb.pstatic.net/MjAyNTA3MDFfMjc1/MDAxNzUxMzc3MDMwNTEw.Ow3EQ2yMaZlezRxgMoCEQGhOkM6oV1DRMDhQk_a9MfYg.sfGx4GMX-M80C-UQ7cbGD_jRZRYV7ui2BvfUCNI6QMwg.JPEG/aba4482d9f55c03842282b5786ce9c36.jpg?type=s2
"

위시즈니들, 추워지는데 엔시티 위시 손민수 어떤데 1탄_유우시 패딩, 후드집업, 시온... 
",위시의 사복 강자답네요. 일본 베이프 시티 카모 후디 BAPE CITY CAMO LARGE APE HEAD PULLOVER HOODIE 2. 사진에서 초딩미가^^; 유우시는 웜톤인 것 같은데 쿨톤에게 어울릴 만한 시원한 파란 옷도 잘 어울리네요. 역시 패션의 완성은 얼굴인가 봅니다. 앞으로 파란색 옷 많이 많이... ,https://blog.naver.com/skaalto212/223739114998,https://blogthumb.pstatic.net/MjAyNTA3MDFfNTYg/MDAxNzUxMzc3MDMxMDc2.wWmnqvj1rmxwmlILAKcDm0EGGY-oN61Z6Uz04URehCIg.NirsaaPuQp-sttXOzWElac_9hgy9ShlhKemMD5LZd4gg.JPEG/8b419853cbe4d9e428a72428e2d66f9b.jpg?type=s2
"

요즘그냥하루에즐거운일이하나만있어도좋아
",다녀왓어요 양이개많아요 느좋 일반인놀이 흠.. 주말에간게문제엿을까 시장통이었음 라떼 원샷하고싶다.. 섹시함.. 느낌이넘좋아서.. ㄴㅁ예뽀서저장햇어 제가지금은누굴잡앗는지기대해주세요 이게뭐라고 2시정각에 트친찬스써서 결제좀대신해달라고 제가 남자래요 사복스껄스껄skrrrrr 내패션추구... ,https://blog.naver.com/iionnn/223664233414,https://blogthumb.pstatic.net/MjAyNTAxMDFfMzAg/MDAxNzM1NzE2NzkzMjUw.McW2NO8qRTYBrqBaQSD7_MSYV6huJdORqj7YbyapiE4g.pFaRwMm7HRueT7ZGVu-TaOSOkHVDkFGREQLAr88Lp0cg.JPEG/KakaoTalk_20250101_163222616_02.jpg?type=s2
"

솔로지옥4 이시안 프듀48 출신? 어쩐지 예쁘더라
",느좋녀의 정석 이시안님 소개 지금 만나보시죠! 이시안 프로듀스 48을 통해 얼굴을 알렸던 아이돌 연습생 이시안님이 출연하게 되었는데요! 본인... 뛰어난 패션 센스도 보유하고 있어 스타일링도 굉장히 잘 하더라고요. 이시안님의 사복 센스같이 보실까요? 사복 센스 이시안님은 모델 겸... ,https://blog.naver.com/iionnn/223664233414,https://blogthumb.pstatic.net/MjAyNTAxMDFfODgg/MDAxNzM1NzMxMTk1NzY3.0QyazDrPUv8MUJe1bOQ7MtpZtURa6vocpVwRjZxpAVcg.J73MiqzzXVES4EhFcNBP1E0iUtQK39RsKHsSt8BbTEcg.JPEG/1dba55f7c41c5901b81edbb737a40824.jpg?type=s2
"

연말의 마무리는 김말이.
",치마 좀 펴고 찍지그랬냐이 꾸안꾸 패션 사실 꾸안꾸패션은 안꾸몄다고 우기는게 제일 중요함. 이 한마디면 드레스입어도 꾸안꾸임. 내가... 미모가요이민호씨 빠친코만 보다 이거보니 새삼 느좋잘생긴남자엿러.. 요즘 보는거 1. 한국이 싫어서 2. 정신병동에도 아침이 와요 하.. 또 모보지.. 이제... ,https://blog.naver.com/jenoleeluv/223623127479,https://blogthumb.pstatic.net/MjAyNTAxMDFfNjYg/MDAxNzM1NzMwMjg2ODUw.KQSjg2HnMgvAd1SiK2ZdGMYACYIlgLwgQLxdSebYByQg.6nlP5v4dyGHrkA2bOu2om26Ip5NXfMJ-2VST-wOxxZ0g.JPEG/KakaoTalk_20250101_163222616_01.jpg?type=s2
"

☘️
",도서관패션 저바지는블프때만육천원?주고삿는데 ㅈㄴ잘입고잇다 그냥피부임 저바지없엇으면나는죽엇다 근데저다리가좀휘어잇나?싶네요... 느좋...// 진심주영깔 락을말아줄것같아서넘좋다 으하하 태산님이너무잘소화할것같으시다 다프트펑크깔?인건가 ㄹㅇ개조은데...// 아트레일러기대돼 3.... ,https://blog.naver.com/rightarm22/223551461096,https://blogthumb.pstatic.net/MjAyNDA4MTdfMTAz/MDAxNzIzODY5NjAwNzg1.txNME4CICmSmoIsjzEY9kjiUPJwf1rCXwWYJCGANLOsg.dddOapJOdq5vv4JzARET9NoBQuT3i42PFAtmvsc9Xn0g.JPEG/20240817%A3%DF124038.jpg?type=s2
"

그날 이후로 난 이렇게 살고 더는 기타 한 번도 들지 못하고
",갑자기 자기 전에 슬덤 보고싶어서 독서 드감 갑자기 서태웅이 느좋임 또 마라탕 먹으러 옴 얼마나 마라탕이 좋았으면 사진에 하트까지 또갹.뚀갂.... 저 어디서 주워입었는지 모를 핏의 청바지 입은 토쿠노 유우시라고 백번말햇다 유우시 봤을 때 옷에 뭔가 문제 있어보이면 사복이더라 고로 저... ,https://blog.naver.com/rightarm22/223551461096,https://blogthumb.pstatic.net/MjAyNDA4MTdfMTMy/MDAxNzIzODgzODU5OTcy.zFWK-lln5p0UnJdCZDnmG0cEnc-v-LqQa_J352hYR_8g.cGW7uZjYMyyvGPjkEnB-GJe96NR2zYySBiuaZvsyK-wg.JPEG/20240817%A3%DF173622.jpg?type=s2
"

누나 오늘 뭐 해요? ㅇㅇㅇ 보러 가 그럼 내일은요? 라이즈 봐
",우리 검사한 알바가 여자 한 명 남자 한 명이었는데 여자 얼굴 보고 ㅈㄴ 읍소함 ㅜㅜ 이거 오늘 친구가 여행 기념 선물로 준 건데 진짜 안 돼요?... ㅈㅉ 너무 힘들었음 심지어 이날 비소식 심했어 그래서 락페임에도 불구하고 뒷산 등산 패션 날씨 이것 뭐에요~? 이 흙바닥을 캐리어 끌고 다녔다고.... ,https://blog.naver.com/kamjachip010217/223749489337,https://blogthumb.pstatic.net/MjAyNDA4MTJfMTcg/MDAxNzIzNDUwNTkzMDQ1.kvJGYtVjzRFVUl_9orVfa1eosyiUprxrEOLaNpRZkMUg.hqK0FsGyXq4mogoC-p89LgHP9WD1EDGaBAt0VBsnPxQg.JPEG/20240812%A3%DF155828.jpg?type=s2
"

3월 죽을게
",내가 못봤다니…… 아니 데이식수 코디 어카냐 답이 없어 사복으로 공연해 그냥 미감 어캐..ㅠㅠㅠ 이젠 뭐라하눈것도 입 아프다 개에바 퇴근길... 개느좋 브랜드 엄마한테 기부함 팬싸 후기 근데 진짜 개잘생김 내 첫 외간남자 손이 잘생긴남자 심지어 원푸리 손이라는게 너무 감격스러움 그리고... ,https://blog.naver.com/kamjachip010217/223749489337,https://blogthumb.pstatic.net/MjAyNDA4MTJfMTE4/MDAxNzIzNDUwNTkzMTAz.UPd8XVLajXE5pALRfSMk4G1hLF5xtsv9lfB6-M5WNnAg.7LpYb0Aj2AkV3NueRAoRhJ_LfqqzBO53CF9YGDw3b30g.JPEG/IMG%A3%DF20240812%A3%DF162015%A3%DF975.jpg?type=s2
"

이대로 가면 돼~ Let's go study Let's go study yeah Let's go -o-O-O (위즈니의 일상... 
","횐님들 다들 위시 노래 들어요~~^^ 느좋남 윳시 볼 흉터 완죠니 고양이 발바닥 같음요.. 또또 김밥 이번에는 완전히 웜톤 메컵인데 이것도 100프로 소화해벌임.. 미쳐다,,, 사쿠 진짜 안 무거운 거 맞냐,, 나도 얼른 집 가서 대영이처럼 푸데푸데 자고 싶어요,,,,,,,, 아니 이게 사복이 아니래요..!!!! 아닌가?... ",https://blog.naver.com/jieut_a/223637092230,https://blogthumb.pstatic.net/MjAyNTAyMDJfMTM0/MDAxNzM4NDk5MTQyMTEx.wCvR1kbTRBo4vAXWC9zcp_Q8gh1VWpPyqixgUj9zOPQg.a7zdM4pJeiuDw6ux89qXkuYZLiP4B-adbLiJIPcmyfkg.JPEG/IMG_1272.jpg?type=s2
"

픈으로 보는 아이돌 취향표 (박박심편)
",하는 남자에 설레는 여성분들 선우의 비명소리가 조금 뇌리에 박힐 수 있지만 ㅋㅋㅋ 한 번 츄라이..해보십쇼 2첫 인상은.... 아이랜드인... https://www.youtube.com/watch?v=4WAi3uhCMzs 6 종성이의 사복패션은 흠 블랙 들어간 거면 다 사는 편 이 날 착장이 진짜 취향이었다 내가 생각하는... ,https://blog.naver.com/jieut_a/223637092230,https://blogthumb.pstatic.net/MjAyNTAyMDJfODUg/MDAxNzM4NDk4NDU2NTQy.W78yeCLKgQAWKXBftUPE5_fvzA5ajweWfN8FR-yDB6og.IEfkwnXLc3jd6lzhgOfrraHZcDT3ghAx8ilfcYi0y3gg.JPEG/IMG_0710.jpg?type=s2
"

01 January
","재미나게 보시고 겨울나기하시길 바랍니당 :) 저의 31일 날 패션,,, 다들 꾸민대서 저도 질 수 없어서 꾸미고 나갔더니 이렇게 꾸민 사람은 저... 너무 행복 제일 느좋이잔하.~ 이런 비공굿은 언제 시킨 지도 이제 기억 안 나려 할 때 도착 하는 게 킬포 드림과 127 와기시절 키링이에요 너무 기엽져... ",https://blog.naver.com/thswlgud030429/223822501954,https://blogthumb.pstatic.net/MjAyNTAyMDJfMTQ2/MDAxNzM4NDk4NTA3NDQz.gSyLAclnsy2iNYJ-HkuIh2K_8cGxFVcuzQaNfOQnS_og.mi_iParZAEOEQbzoZrpDNNRFKMCmP5nQGOxyncYFIqkg.JPEG/IMG_1141.jpg?type=s2
"

Oh Johnny Boy!
",아니 나 그리고 저 위버스 라이브도 봤는데용 라이브 한다고 꽃다발 깔아놓는 남자? ㅎㅏ씨 진짜 내가 미쳐 kijul 그나저나 의자에 깔아놓은 담요... 잠시 아찔했다ㅋㅋㅋ 느좋+착장 넘 좋음!!!은 젤 왼쪽 사진이고 저번 패션쇼인가에서의 착장이랑 흡사한데 암튼  ,https://blog.naver.com/kizinsummer/223204252523,https://blogthumb.pstatic.net/MjAyNTA3MjhfMTIx/MDAxNzUzNjg2NzgzMzA1.pxve-8hbb3xr7NCwLfOoUb1NMvRZjNCKG7iuH-l8pDAg.OiyHol4pOht59uyLrL-TzgIJJ0ptmuPlF-vCP8tQ1a8g.JPEG/900%A3%DF20250727%A3%DF215510.jpg?type=s2
"

Oh Johnny Boy!
",아니 나 그리고 저 위버스 라이브도 봤는데용 라이브 한다고 꽃다발 깔아놓는 남자? ㅎㅏ씨 진짜 내가 미쳐 kijul 그나저나 의자에 깔아놓은 담요... 잠시 아찔했다ㅋㅋㅋ 느좋+착장 넘 좋음!!!은 젤 왼쪽 사진이고 저번 패션쇼인가에서의 착장이랑 흡사한데 암튼  ,https://blog.naver.com/kizinsummer/223204252523,https://blogthumb.pstatic.net/MjAyNTA3MjhfMTIx/MDAxNzUzNjg2NzgzMzA1.pxve-8hbb3xr7NCwLfOoUb1NMvRZjNCKG7iuH-l8pDAg.OiyHol4pOht59uyLrL-TzgIJJ0ptmuPlF-vCP8tQ1a8g.JPEG/900%A3%DF20250727%A3%DF215510.jpg?type=s2
